Date,Ticker,Headline
2024-10-25,AAPL,"PCE data, Big Tech earnings: What to Watch"
2024-10-25,AAPL,"Between Mag 7 earnings and jobs data, next week is 'the Super Bowl for investors'"
2024-10-25,AAPL,"Stock Market Action Plan: Apple, Alphabet, Microsoft Wrap Up October"
2024-10-25,AAPL,"Apple Inc. (AAPL) Unveils iOS 18.2 Beta with AI Features, Including ChatGPT Integration, Boosting Investor Confidence"
2024-10-25,AAPL,"Five Stocks, 3 Days, $12 Trillion In Market Cap. Buckle Up For Huge Earnings."
2024-10-25,AAPL,Apple Stock Downgraded To Sell Ahead Of Earnings. Here's Why.
2024-10-25,AAPL,Apple Remains King And Finds Support. But Nvidia Plots A Coup.
2024-10-25,AAPL,Apple Dips After KeyBanc Downgrade on iPhone SE Sales Concerns
2024-10-25,MSFT,"PCE data, Big Tech earnings: What to Watch"
2024-10-25,MSFT,"Between Mag 7 earnings and jobs data, next week is 'the Super Bowl for investors'"
2024-10-25,MSFT,"Stock Market Action Plan: Apple, Alphabet, Microsoft Wrap Up October"
2024-10-25,MSFT,Microsoft CEO's Compensation Rises 63% in Fiscal 2024
2024-10-25,MSFT,"Microsoft Corporation (MSFT), OpenAI, and Lenfest Institute Collaborate to Enhance Local Journalism with AI-Focused Fellowship Program"
2024-10-25,MSFT,"Microsoft And OpenAI Clash Over $14 Billion As The AI Leader Converts To A For-Profit Business, Disrupting The Tech World"
2024-10-25,MSFT,"Five Stocks, 3 Days, $12 Trillion In Market Cap. Buckle Up For Huge Earnings."
2024-10-25,MSFT,Apple Remains King And Finds Support. But Nvidia Plots A Coup.
2024-10-25,JPM,Will Jamie Dimon break political silence before Election Day?
2024-10-24,JPM,Jamie Dimon didn't endorse any candidate Thursday. It's not likely he will by Nov. 5.
2024-10-24,JPM,Why Jamie Dimon doesn't fit the mold to be Treasury Secretary
2024-10-24,JPM,"Jamie Dimon Reportedly Supports Kamala Harris Behind Closed Doors, But Maintains Silence In The Public"
2024-10-24,JPM,"Dividend Investor Earning $11,500 Per Month Shares Portfolio Details: Top 7 Stocks"
2024-10-24,JPM,J.P. Morgan and Rothschild & Co lead retail M&A financial advisers for Q1-Q3
2024-10-24,JPM,JPMorgan Chase Insiders Sold US$224m Of Shares Suggesting Hesitancy
2024-10-24,JPM,Wall Street’s trading desks are having a great year. The election could keep that going.
2024-10-25,V,CDW to Report Q3 Earnings: Here's What Investors Should Know
2024-10-25,V,Visa vs. Mastercard: Which Credit Card Giant Is the Better Buy Ahead of Earnings?
2024-10-25,V,Is Visa Stock a Buy?
2024-10-25,V,3 Dividend-Paying Financial Stocks That Could Make You a Millionaire
2024-10-24,V,Visa Stock Before Q4 Earnings: Should You Buy Now or Wait for Results?
2024-10-24,V,Ahead of Visa (V) Q4 Earnings: Get Ready With Wall Street Estimates for Key Metrics
2024-10-24,V,These 2 Business Services Stocks Could Beat Earnings: Why They Should Be on Your Radar
2024-10-24,V,Visa and USAID are Working Together to Drive Inclusive Digital Government Ecosystems and Payment Digitization
2024-10-25,JNJ,Johnson & Johnson's Blockbuster Drug Tremfya Clears Plaque Psoriasis With Lesions Covering Body's Smaller Areas
2024-10-25,JNJ,Johnson & Johnson Says Tremfya Achieves Statistical Significance Across Primary Endpoints in Phase 3b Study
2024-10-25,JNJ,New SPECTREM study findings reveal TREMFYA® (guselkumab) effectively clears overlooked and undertreated plaque psoriasis
2024-10-25,JNJ,Is Kenvue Stock a Buy Now?
2024-10-24,JNJ,Johnson & Johnson (JNJ): Legal Challenges Over Talc Products Impact Dow Performance
2024-10-24,JNJ,Johnson & Johnson Investing $2B to Build Pharma Factory in North Carolina
2024-10-24,JNJ,"If You Invested $10,000 In Johnson & Johnson Stock 10 Years Ago, How Much Would You Have Now?"
2024-10-24,JNJ,Johnson & Johnson highlights innovative neuropsychiatry portfolio and pipeline at Psych Congress
2024-10-25,WMT,Walmart maintains the upper hand as it battles Target for Americans' wallets
2024-10-25,WMT,Best Stock to Buy Right Now: Walmart vs. Dollar General
2024-10-25,WMT,Walmart is outperforming Target this year. Here's why.
2024-10-25,WMT,"Walmart Insider Sold Shares Worth $2,411,298, According to a Recent SEC Filing"
2024-10-25,WMT,"Walmart Insider Sold Shares Worth $1,088,850, According to a Recent SEC Filing"
2024-10-25,WMT,Chipotle's secret to growth: How it invests in workers
2024-10-25,WMT,Amazon isn't the only retailer offering gas discounts. Here are others
2024-10-25,WMT,Walmart employee looked for her daughter for hours before finding her ‘charred remains’ in the store’s walk-in bakery oven
2024-10-25,PG,"Procter & Gamble Insider Sold Shares Worth $2,163,008, According to a Recent SEC Filing"
2024-10-25,PG,Procter & Gamble Company (The) (PG) is Attracting Investor Attention: Here is What You Should Know
2024-10-25,PG,"Redburn Adjusts Price Target on Procter & Gamble to $182 From $180, Maintains Buy Rating"
2024-10-24,PG,Colgate-Palmolive Earnings: What To Look For From CL
2024-10-23,PG,"Procter & Gamble Insider Sold Shares Worth $408,170, According to a Recent SEC Filing"
2024-10-22,PG,Is It Worth Investing in P&G (PG) Based on Wall Street's Bullish Views?
2024-10-22,PG,Procter & Gamble price target raised to $183 from $180 at Evercore ISI
2024-10-22,PG,"P&G Beauty, Royal Botanic Gardens Kew Unveil New Research on Hair Benefits of Botanical Oils"
2024-10-25,DIS,Morgan Stanley Marks End of the James Gorman Era
2024-10-25,DIS,Did Disney World Go Too Far This Time?
2024-10-24,DIS,Disney’s (DIS) Q2 Struggles: A Key Factor in Dow’s Worst Performers Year-to-Date
2024-10-24,DIS,"Goldman Sachs Adjusts Price Target on Walt Disney to $125 From $120, Maintains Buy Rating"
2024-10-24,DIS,Why Walt Disney (DIS) is a Top Momentum Stock for the Long-Term
2024-10-24,DIS,Morgan Stanley’s executive chairman rescued the bank during the Great Recession. Can he do the same for Disney?
2024-10-23,DIS,Disney is doubling its fleet of cruise ships. What that says about the company's strategy
2024-10-23,DIS,Jim Cramer on The Walt Disney Company (DIS): ‘I Say Buy More Disney’
2024-10-25,HD,Q3 2024 Carlisle Companies Inc Earnings Call
2024-10-25,HD,"DA Davidson Adjusts Price Target on Home Depot to $466 From $395, Maintains Buy Rating"
2024-10-24,HD,Q2 Earnings Roundup: Floor And Decor (NYSE:FND) And The Rest Of The Home Furnishing and Improvement Retail Segment
2024-10-23,HD,"Walmart initiated, Uber upgraded: Wall Street’s top analyst calls"
2024-10-23,HD,Wall Street Bulls Look Optimistic About Home Depot (HD): Should You Buy?
2024-10-22,HD,Home Depot (HD) Dips More Than Broader Market: What You Should Know
2024-10-22,HD,Why Sherwin-Williams Stock Dropped Today and Took Home Depot and Lowe's Down Too
2024-10-22,HD,Home Depot Trades Near 52-Week High: Is the Stock Still Worth Buying?
2024-10-25,UNH,Centene Q3 Earnings Beat on Growth in Marketplace Business Line
2024-10-25,UNH,Universal Health Q3 Earnings Miss on Elevated Operating Costs
2024-10-25,UNH,"HCA Healthcare Beats on Q3 Earnings, Reaffirms 2024 EPS View"
2024-10-25,UNH,Health insurer Centene eases investor fears with better-than-expected profit
2024-10-25,UNH,"The Zacks Analyst Blog Highlights Alphabet, UnitedHealth, Chubb, Key Tronic and Massimo"
2024-10-24,UNH,Is UnitedHealth Group Stock (NYSE:UNH) a Buy on the Dip?
2024-10-24,UNH,"Top Research Reports for Alphabet, UnitedHealth & Chubb"
2024-10-24,UNH,UnitedHealth (UNH): Cyber Attack and Antitrust Probe Impact Dow Performance
